filename,caption,rnn_caption
seed0120.png,a young person wearing a tie and glasses,Stephen a Portrait of a Woman
seed0121.png,a person wearing a hat and a tie,Portrait of a Woman
seed0122.png,a person in a suit and tie is smiling,Saint Charles
seed0123.png,a person wearing a hat and a tie,Madame de Blongie (1832–1862)
seed0124.png,a person in a suit and tie is smiling,Portrait of a Woman
seed0125.png,a person with a tie and a tie,Mrs. Jerle in a Witton Charlott
seed0126.png,a person wearing a tie and a shirt,Madame Head of a Lady
seed0127.png,a person wearing a tie and a shirt,Madame Cotation (1700–1620)
seed0128.png,a child wearing a hat and a tie,Mary Sister de Saint John
seed0129.png,a young person wearing a white shirt and tie,Anne Family
seed0130.png,a person wearing a tie and a hat,Portrait of a Woman
seed0131.png,a young person is holding a cell phone,Madame in a Man in a Woman
seed0132.png,a person in a suit and tie is smiling,The Charele (1766–1702)
seed0133.png,a person in a dress shirt and tie,Madonna and Child
seed0134.png,a person with a beard and a tie,"Madame Carol (1728–1726), and in the Augranic Ann Virgin with a for a Woman"
seed0135.png,a child wearing a tie and glasses,Mrs. Player in a Charles (1720–1820)
seed0136.png,a person in a suit and tie is smiling,Virgin Portrait
seed0137.png,a person in a suit and tie is smiling,Madame Intern relief
seed0138.png,a person wearing a red shirt and a tie,"Holling Redrown and The Virgin Catherine and A Man with a Man with a Young Woman, and Child (Charles and Childret and Child and nec an in a Red Belliet of a Rock"
seed0139.png,a person with a beard wearing a tie,Cathar of pringsonant Portrait of a Woman
seed0140.png,a person wearing a black shirt and a tie,The Virgin of Bit of Christ
seed0141.png,a person with a tie and glasses on,Mrs. Jew Ether Stelless (1796–1622)
seed0142.png,a young person is holding a cell phone,Madame and Child with a France (1700–1697)
seed0143.png,a person wearing a white shirt and tie,The Grandre Colley (1762–1791)
seed0144.png,a person in a suit and tie is smiling,Morter of George Foreman
seed0145.png,a person in a dress shirt and tie is smiling,Madame Dell with a Man (Louis Constane Bust of Saint Greater)
seed0146.png,a person in a suit and tie is smiling,"Madame de New Virgin (1732–1821), and a Lady of a Lady"
seed0147.png,a person wearing a black shirt and a neck tie,Madame Corte Called (1722–1862)
seed0148.png,a person with a red tie is smiling,Menter of a Young Woman
seed0149.png,a person in a suit and tie is smiling,Madame Bealdic Carel of a Beardess (1726–1322)
seed0150.png,a person wearing a red shirt and black tie,Charles (1779–1822)
seed0151.png,a person with a tie and glasses on,Saint Charles
seed0152.png,a person in a suit and tie is smiling,Madame Charles (Carthine with the Portrait of Saint of a Young Man
seed0153.png,a child wearing a tie and glasses,Madame Cooled
seed0154.png,a person with a tie and glasses on,Anne William Saint Jeard of Saint Annear
seed0155.png,a person in a suit and tie is smiling,"Madame in the Annthera and a Virgin of a Woman, and a Woman"
seed0156.png,a person in a white shirt and black tie,Mary buith the Man
seed0157.png,a person in a white shirt and black tie,Mani Washingo
seed0158.png,a person in a suit and tie is smiling,Madame Virgin and Child
seed0159.png,a person in a suit and tie is smiling,Madame Virgin and Charles (1722)
seed0160.png,a person in a suit and tie is smiling,"Mask and Child enthelly and a Charless and Their Faning of a Fur Thorn of Saint John the with a Bartor of Mague Buith Spellet of Saint John in a Barberra (1732–1822), and a job of the Baskletholith and a Man"
seed0161.png,a person in a suit and tie is smiling,Madame and a Man with a de Boost and Child and Child with a Man
seed0162.png,a child wearing a tie and smiling,Madame Callian (1722–1921)
seed0163.png,a person wearing a hat holding a banana,Madame of with a timer de with a store
seed0164.png,a person in a suit and tie is smiling,Madonna and Child with of the Benartens
seed0165.png,a person wearing a hat and a tie,The John (1732–1820)
seed0166.png,a person wearing a pink shirt and a pink tie,Christh
seed0167.png,a person wearing a tie and a shirt,Madame (1762–1820)
seed0168.png,a person in a suit and tie is smiling,Mary Manyr Collenst (1722)
seed0169.png,a person wearing a white shirt and tie,Madame and Child and Child of a de Man
seed0170.png,a person with a red tie is smiling,Madame Portrait of a Woman
seed0171.png,a person wearing a hat and a hat,"Mrs. Mania (1732–1832), Queen of a Danief Cortent"
seed0172.png,a person with a beard and a tie,Madame of a Lady (1792–1792)
seed0173.png,a person wearing a tie and a shirt,Charle of Lady of Saint
seed0174.png,a person in a suit and tie is smiling,Mrs. Catherine (1732–1822)
seed0175.png,a person with a tie and glasses on,Madame Sather (1772–1822)
seed0176.png,a black and white photo of a person wearing a tie,Head of a Man
seed0177.png,a person wearing a tie and a shirt,Govern of Portrait of a Woman
seed0178.png,a person wearing a red shirt and a pink tie,Madame Cont Lady
seed0179.png,a person with a tie and glasses on,The Man in a Woman
seed0180.png,a person wearing a hat and a tie,Charled Clark
seed0181.png,a person in a dress shirt and tie,Mrs. Mania (Catherine and The Head of a Woman
seed0182.png,a black and white photo of a person wearing a tie,Madame of Child of a Baby
seed0183.png,a person in a suit and tie is smiling,Madame Parth Kright
seed0184.png,a person in a dress shirt and tie holding a cell phone,Man of a Gentleman
seed0185.png,a person with a tie and glasses on,Madonna and Child
seed0186.png,a person in a suit and tie is smiling,Head of a Man in the Appear Stor (1725–1620)
seed0187.png,a person wearing a tie and a shirt,Madame Collend of Saint Charles (Childry Mania Herarity of Marry Joseth
seed0188.png,a person wearing a tie and a shirt,Manth Charlotter Bearded Seated Charles (1754–1822)
seed0189.png,a person in a suit and tie is smiling,Mrs. Possibly and a de Man of a Man Virgin of a Portrait of a Woman
seed0190.png,a person in a white shirt and black tie,Haveno Girl Richiell (Chrietc Louisa Felland Mris Samerather
seed0191.png,a person in a suit and tie is smiling,Mrs. Jellian
seed0192.png,a person in a suit and tie is smiling,Madame Costume and Count
seed0193.png,a person in a suit and tie is smiling,Madame Called (Possibonger Callett)
seed0194.png,a person with a tie and a tie,Mask Charlotte in a Benar of a Young Woman
seed0195.png,a person with a beard and a tie,"Mrs. Child with the woman, and a Man with a Man with the Agne and a Masham of a Woman (died 1728)"""
seed0196.png,a person in a suit and tie is smiling,Mary Charlotten Carthel (1723–1826)
seed0197.png,a black and white photo of a person wearing a tie,"Mary Portrait of a Woman, and Child of Bith and Madame (1720–1703)"""
seed0198.png,a person wearing a tie and a hat,Portrait of a Young Woman
seed0199.png,a person in a suit and tie is smiling,Madonna and Child of a Young Wines
seed0200.png,a person with a tie and a tie,Man
seed0201.png,a person in a dress shirt and tie,"Mary Beald of Virgin (Charlot of a Man and Child of an olds of a peace of a Man"""
seed0202.png,a person in a black shirt and a black tie,Madame Annett
seed0203.png,a child is brushing his teeth in the mirror,"Madame Maria (born and a Ladyn Pillled and Charled and Her Stealt as a Woman, and an Amenthery with a Man with a Basket of The Virgin in a Family"
seed0204.png,a person in a suit and tie is smiling,"Mary Virgin (1700–1820), and childing a Woman"
seed0205.png,a person is holding a cell phone to her ear,The Lady of a Man in a Built
seed0206.png,a person in a suit and tie is smiling,Daranth Charles (1795–1792)
seed0207.png,a young girl is brushing her teeth with a pink toothbrush,Catherines of Annelle
seed0208.png,a young person wearing a tie and glasses,Madame de a William and Child with a Young Woman
seed0209.png,a person in a suit and tie is smiling,Portrait of a Woman
seed0210.png,a person in a dress shirt and tie is smiling,"Mrs. Lady of a Man and Child with van and Her Durles of Mary Mary Josets of a Man, and a Woman, Mary Mary Virrolie"
seed0211.png,a person in a suit and tie is smiling,Madame Colle Bosses (1783–1714)
seed0212.png,a person in a suit and tie is smiling,Cath of the Acontas Saint His Bollen (Her Mary
seed0213.png,a person in a suit and tie is smiling,Virgin and Child
seed0214.png,a person wearing a tie and a shirt,Madame Callines (Colley and Child of a Learns of a Man (1792–1791)
seed0215.png,a person with a beard and a tie,Portrait of a Woman
seed0216.png,a person wearing a hat and a tie,Madame de Charelles
seed0217.png,a close up of a person wearing a tie,Madame and Her Done Marie (1796–1820)
seed0218.png,a person wearing a blue shirt and a pink tie,Madame Man in a Wester (1702–1829)
seed0219.png,a person wearing a hat and a bow tie,Portrait of a Woman
seed0220.png,a person wearing a tie and a shirt,Madame Prace of Saint (Jerome Dane of Hern Harmer Son With Boit Ant Elellace
seed0221.png,a person in a dress shirt and tie,Mand Colley (Anne Willingers Larn and Cherrellline (1709–1822)
seed0222.png,a person with a beard and a tie,Mons and Child
seed0223.png,a person wearing a hat and a tie,Portrait of a Young Woman
seed0224.png,a person in a suit and tie is smiling,Portrait of a Young Woman
seed0225.png,a person in a suit and tie holding a camera,The Cour william of Christ de Joores
seed0226.png,a child wearing a tie and smiling,Mary Virgin de Jarce (Cartholong Lardy of a Man with an off-one of a Woman
seed0227.png,a person in a dress shirt and tie,Herage Saint Charger
seed0228.png,a person in a suit and tie is smiling,Entribation of a Virgin of a Young Woman
seed0229.png,a person in a dress shirt and tie,Anne Vill Godest
seed0230.png,a person in a suit and tie is smiling,Mask William Man of a Man
seed0231.png,a person in a suit and tie is smiling,"Mask of a Portrait of a Woman, and Child with the Hall (1742–1829)"""
seed0232.png,a person in a suit and tie is smiling,The Virgin of a Young Woman
seed0233.png,a person in a white shirt and black tie,Madame Mary Jarn (1732–1822)
seed0234.png,a person wearing a tie and a tie,Madame de Pother in the Ann Charelelel on a Woman
seed0235.png,a person in a dress shirt and tie,Madonna and Child with a lady of a girl of a painte and a de Man in a Lady
seed0236.png,a person in a white shirt and black tie,Madame Saint Bessep
seed0237.png,a person in a black shirt and a tie,Madonna and Child of a Family
seed0238.png,a young person wearing a tie and glasses,"Maria Bolida (1723–1822), John Houses Colless (1725–1792)"
seed0239.png,a person wearing a hat and a hat,Musician Sheman
seed0240.png,a person in a suit and tie is talking on a cell phone,"Madame Benaras Louis of a Buildest Beard (1722–1822), and an and a Woman"""
seed0241.png,a person in a red shirt is brushing her hair,Madame Called Hister Man (1720–1722)